{
    "albedo": [
        0.9990009665489197,
        0.9990009665489197,
        0.9990009665489197
    ],
    "cameraPos": [
        0.21880391240119934,
        0.1544690877199173,
        0.48459091782569885
    ],
    "compatibility": 1,
    "denoise": 2,
    "densityInterpolation": 1,
    "excludeLightEncoding": true,
    "g": 0.4959999918937683,
    "lightColor": [
        0.13744291067123413,
        0.001084210118278861,
        0.001084210118278861
    ],
    "lightDir": [
        0.3699260354042053,
        0.6463539600372314,
        0.6673689484596252
    ],
    "toneMapping": 1,
    "trMapMarchingSteps": 0,
    "trMapSampleLevel": 1
}